Date,Beta_Mkt,Beta_SMB,Beta_HML,Beta_RMW,Beta_CMA,RF,Beta_WML
2005-01-01,-0.0275,-0.0111,0.020499999999999997,0.027999999999999997,-0.0141,0.0016,0.031200000000000002
2005-02-01,0.018799999999999997,-0.003,0.0141,0.0132,-0.0021,0.0016,0.034300000000000004
2005-03-01,-0.019299999999999998,-0.0141,0.0207,0.0044,0.0134,0.0021,0.0043
2005-04-01,-0.026000000000000002,-0.0397,0.0005,0.0097,-0.0085,0.0021,-0.006999999999999999
2005-05-01,0.0365,0.0276,-0.0059,-0.0102,0.0028000000000000004,0.0024,0.0037
2005-06-01,0.0058,0.0326,0.027999999999999997,0.0087,-0.0052,0.0023,0.0208
2005-07-01,0.0392,0.0276,-0.0078000000000000005,-0.011899999999999999,-0.0078000000000000005,0.0024,0.0004
2005-08-01,-0.012,-0.009399999999999999,0.0134,-0.0196,0.0038,0.003,0.0207
2005-09-01,0.0048,-0.0031,0.0078000000000000005,0.0026,-0.0060999999999999995,0.0029,0.0346
2005-10-01,-0.0204,-0.015,0.0043,-0.006999999999999999,-0.0126,0.0027,-0.0118
2005-11-01,0.0361,0.009000000000000001,-0.011899999999999999,-0.0079,-0.0109,0.0031,0.0033
2005-12-01,-0.0024,-0.0025,0.0015,0.0018,0.002,0.0032,0.0079
2006-01-01,0.030299999999999997,0.0583,0.009899999999999999,-0.0066,-0.0034999999999999996,0.0034999999999999996,0.0253
2006-02-01,-0.003,-0.0046,-0.0031,-0.0054,0.019799999999999998,0.0034000000000000002,-0.0181
2006-03-01,0.0147,0.0334,0.0060999999999999995,0.0003,-0.0044,0.0037,0.0125
2006-04-01,0.0073,-0.0079,0.0226,0.0174,-0.0013,0.0036,0.0060999999999999995
2006-05-01,-0.0356,-0.028999999999999998,0.023799999999999998,0.0087,0.015300000000000001,0.0043,-0.036699999999999997
2006-06-01,-0.0034000000000000002,-0.0024,0.0085,0.0132,-0.0013,0.004,0.0155
2006-07-01,-0.0077,-0.036000000000000004,0.0262,0.0163,0.0084,0.004,-0.0204
2006-08-01,0.0203,0.0045000000000000005,-0.0195,-0.0181,0.021400000000000002,0.0042,-0.0337
2006-09-01,0.0184,-0.0139,0.0006,0.0078000000000000005,0.0046,0.0040999999999999995,-0.0098
2006-10-01,0.0322,0.019799999999999998,-0.0033,-0.0011,0.0032,0.0040999999999999995,-0.0027
2006-11-01,0.017,0.0063,0.0003,0.002,-0.008,0.0042,-0.0103
2006-12-01,0.0085,-0.008100000000000001,0.0275,-0.006500000000000001,0.018799999999999997,0.004,0.0078000000000000005
2007-01-01,0.0138,0.0002,-0.0068000000000000005,0.0019,0.004,0.0044,0.002
2007-02-01,-0.0196,0.013300000000000001,-0.0008,-0.0052,-0.0066,0.0038,-0.0131
2007-03-01,0.0070999999999999995,0.0014000000000000002,-0.0088,0.0055000000000000005,-0.0067,0.0043,0.0259
2007-04-01,0.0349,-0.0208,-0.014499999999999999,0.0118,0.0101,0.0044,-0.0025
2007-05-01,0.032400000000000005,0.0033,-0.0058,0.0147,-0.0126,0.0040999999999999995,-0.0034000000000000002
2007-06-01,-0.0196,0.006999999999999999,-0.0105,0.0049,0.0006,0.004,0.0052
2007-07-01,-0.037200000000000004,-0.0305,-0.0368,0.0026,-0.0116,0.004,0.029500000000000002
2007-08-01,0.009399999999999999,-0.0033,-0.0187,-0.0127,-0.005699999999999999,0.0042,-0.0001
2007-09-01,0.0322,-0.024399999999999998,-0.0217,-0.0049,-0.0294,0.0032,0.0443
2007-10-01,0.0179,-0.0003,-0.0287,-0.0033,0.0006,0.0032,0.050300000000000004
2007-11-01,-0.048,-0.0291,-0.0109,0.0175,-0.0036,0.0034000000000000002,0.0109
2007-12-01,-0.0087,0.0018,-0.0051,0.009000000000000001,-0.010700000000000001,0.0027,0.06559999999999999
2008-01-01,-0.0632,-0.0063,0.04,0.0212,0.0206,0.0021,-0.0774
2008-02-01,-0.030899999999999997,-0.0064,-0.0072,0.010700000000000001,-0.0097,0.0013,0.0613
2008-03-01,-0.009399999999999999,0.0059,0.0031,0.0089,0.004699999999999999,0.0017000000000000001,0.0425
2008-04-01,0.0461,-0.0116,-0.0096,0.0181,-0.0256,0.0018,-0.0031
2008-05-01,0.0187,0.0304,-0.015,0.0092,0.0014000000000000002,0.0018,0.0338
2008-06-01,-0.0843,0.0116,-0.025099999999999997,0.049800000000000004,-0.0069,0.0017000000000000001,0.1272
2008-07-01,-0.0075,0.0371,0.052000000000000005,-0.013600000000000001,0.009899999999999999,0.0015,-0.0507
2008-08-01,0.015300000000000001,0.032799999999999996,0.0152,0.0183,0.0066,0.0013,-0.045
2008-09-01,-0.0935,0.0038,0.056600000000000004,0.024,0.017,0.0015,0.0078000000000000005
2008-10-01,-0.172,-0.030600000000000002,-0.0189,0.0273,0.0138,0.0008,0.0784
2008-11-01,-0.0774,-0.04,-0.0621,0.0467,0.0239,0.0003,0.0726
2008-12-01,0.0177,0.0333,0.0005,0.0003,-0.0152,0.0,-0.0508
2009-01-01,-0.0809,-0.0209,-0.11019999999999999,0.0,-0.0116,0.0,-0.023700000000000002
2009-02-01,-0.1014,-0.011699999999999999,-0.066,0.0101,-0.0062,0.0001,0.0436
2009-03-01,0.0901,0.0059,0.0348,-0.0258,-0.02,0.0002,-0.11800000000000001
2009-04-01,0.1017,0.07139999999999999,0.0538,0.0134,0.005,0.0001,-0.3436
2009-05-01,0.052000000000000005,-0.022400000000000003,0.0040999999999999995,-0.008100000000000001,-0.0199,0.0,-0.12539999999999998
2009-06-01,0.0042,0.0227,-0.0276,-0.0141,-0.0037,0.0001,0.053899999999999997
2009-07-01,0.0774,0.0231,0.0489,-0.0026,0.0308,0.0001,-0.056100000000000004
2009-08-01,0.0333,-0.001,0.076,-0.0285,0.033,0.0001,-0.0908
2009-09-01,0.0408,0.027200000000000002,0.0115,0.0115,0.0034000000000000002,0.0001,-0.0483
2009-10-01,-0.0255,-0.048499999999999995,-0.0417,0.042199999999999994,-0.0148,0.0,0.0258
2009-11-01,0.0558,-0.0276,-0.0033,0.009000000000000001,0.0,0.0,0.0039000000000000003
2009-12-01,0.0274,0.061399999999999996,-0.0011,0.0070999999999999995,-0.0009,0.0001,0.0297
2010-01-01,-0.0335,0.004,0.0033,-0.0108,0.0051,0.0,-0.0529
2010-02-01,0.0339,0.0149,0.0318,-0.0029,0.014199999999999999,0.0,0.037000000000000005
2010-03-01,0.063,0.0183,0.0219,-0.0060999999999999995,0.0174,0.0001,0.0356
2010-04-01,0.02,0.0496,0.0296,0.0060999999999999995,0.0175,0.0001,0.0319
2010-05-01,-0.079,0.0008,-0.0248,0.013000000000000001,-0.0024,0.0001,-0.0018
2010-06-01,-0.0557,-0.0242,-0.0473,-0.001,-0.0158,0.0001,-0.0271
2010-07-01,0.0692,0.0004,-0.005,0.0017000000000000001,0.0202,0.0001,0.0179
2010-08-01,-0.04769999999999999,-0.030600000000000002,-0.0173,0.006,-0.016,0.0001,-0.0006
2010-09-01,0.0955,0.0365,-0.0302,-0.0019,0.0038,0.0001,0.013500000000000002
2010-10-01,0.0387,0.0073,-0.0246,0.0128,-0.0038,0.0001,0.015
2010-11-01,0.0059,0.0354,-0.009000000000000001,0.0032,0.0179,0.0001,0.0271
2010-12-01,0.0682,0.0097,0.0356,-0.0342,0.0317,0.0001,-0.0301
2011-01-01,0.019799999999999998,-0.0231,0.0060999999999999995,-0.0064,0.008100000000000001,0.0001,-0.003
2011-02-01,0.0348,0.0165,0.0118,-0.0183,0.0084,0.0001,0.0189
2011-03-01,0.0046,0.0256,-0.0184,0.0173,-0.0007000000000000001,0.0001,0.0342
2011-04-01,0.028999999999999998,-0.0053,-0.024399999999999998,0.011200000000000002,-0.0086,0.0,0.0005
2011-05-01,-0.0127,-0.0072,-0.018500000000000003,0.0192,-0.0143,0.0,-0.005699999999999999
2011-06-01,-0.0174,0.0006,-0.002,0.0227,-0.014199999999999999,0.0,0.0182
2011-07-01,-0.0235,-0.0111,-0.0091,0.0268,-0.0173,0.0,0.002
2011-08-01,-0.0596,-0.030899999999999997,-0.024300000000000002,0.0341,-0.0026,0.0001,-0.0026
2011-09-01,-0.0757,-0.0349,-0.015300000000000001,0.0199,0.0015,0.0,-0.0236
2011-10-01,0.1134,0.0325,0.0006,-0.0225,-0.0073,0.0,-0.014499999999999999
2011-11-01,-0.0027,-0.003,-0.0052,0.0194,0.0144,0.0,0.0385
2011-12-01,0.0075,-0.0029,0.0154,0.0106,0.024700000000000003,0.0,0.0183
2012-01-01,0.050499999999999996,0.0202,-0.009300000000000001,-0.0206,-0.0148,0.0,-0.0801
2012-02-01,0.044000000000000004,-0.0167,0.0042,-0.0036,-0.0008,0.0,-0.0026
2012-03-01,0.0311,-0.0048,0.011899999999999999,-0.0060999999999999995,0.006999999999999999,0.0,0.0132
2012-04-01,-0.0084,-0.005,-0.0077,0.013000000000000001,0.0066,0.0,0.0378
2012-05-01,-0.0617,-0.0008,-0.0095,0.0203,0.0236,0.0001,0.0646
2012-06-01,0.039,0.0089,0.0055000000000000005,-0.0106,0.0045000000000000005,0.0,-0.0111
2012-07-01,0.0079,-0.0281,-0.0006,0.0104,0.0001,0.0,0.03
2012-08-01,0.0254,0.0044,0.0123,-0.015,-0.0086,0.0001,-0.023399999999999997
2012-09-01,0.0273,0.005699999999999999,0.016200000000000003,-0.013000000000000001,0.015600000000000001,0.0001,-0.011399999999999999
2012-10-01,-0.0176,-0.0083,0.0352,-0.013999999999999999,0.0252,0.0001,0.0008
2012-11-01,0.0078000000000000005,0.004,-0.0086,0.0038,0.008100000000000001,0.0001,0.0053
2012-12-01,0.0118,0.0192,0.0348,-0.0172,0.008,0.0001,-0.0294
2013-01-01,0.0557,0.0042,0.0101,-0.020099999999999996,0.0152,0.0,-0.0179
2013-02-01,0.0129,-0.0025,0.0021,-0.0059,0.0060999999999999995,0.0,0.0124
2013-03-01,0.0403,0.0088,-0.0022,0.0027,0.0141,0.0,0.0192
2013-04-01,0.015600000000000001,-0.022400000000000003,0.0044,0.0039000000000000003,0.0043,0.0,0.0021
2013-05-01,0.0281,0.0204,0.026699999999999998,-0.02,-0.0095,0.0,-0.02
2013-06-01,-0.012,0.0154,-0.0005,-0.0028000000000000004,-0.0006,0.0,0.0058
2013-07-01,0.0565,0.0175,0.0058,-0.013500000000000002,0.005699999999999999,0.0,0.0174
2013-08-01,-0.0271,-0.0003,-0.0273,0.0070999999999999995,-0.0217,0.0,0.0005
2013-09-01,0.0377,0.0265,-0.0118,-0.0054,-0.0132,0.0,0.0304
2013-10-01,0.0417,-0.015,0.012199999999999999,0.0275,0.0089,0.0,0.0006
2013-11-01,0.031200000000000002,0.0144,0.0019,0.0026,0.0006,0.0,0.0038
2013-12-01,0.027999999999999997,-0.0044,0.0,-0.0058,0.0008,0.0,0.0002
2014-01-01,-0.033,0.006,-0.0199,-0.0391,-0.0154,0.0,0.0165
2014-02-01,0.046799999999999994,0.0013,-0.0034999999999999996,-0.0025,-0.0054,0.0,0.0215
2014-03-01,0.0040999999999999995,-0.0113,0.049,0.0202,0.0192,0.0,-0.0327
2014-04-01,-0.0019,-0.0407,0.012199999999999999,0.034,0.009300000000000001,0.0,-0.038900000000000004
2014-05-01,0.0204,-0.018600000000000002,-0.001,-0.0009,-0.0096,0.0,0.0088
2014-06-01,0.026099999999999998,0.030600000000000002,-0.0070999999999999995,-0.0183,-0.0191,0.0,0.006500000000000001
2014-07-01,-0.0203,-0.042,-0.0008,0.009300000000000001,0.0051,0.0,-0.0019
2014-08-01,0.0424,0.0029,-0.005699999999999999,-0.0064,-0.0069,0.0,0.0084
2014-09-01,-0.0196,-0.0366,-0.0147,0.012,-0.0059,0.0,0.0064
2014-10-01,0.025099999999999997,0.0366,-0.0163,-0.0039000000000000003,0.0021,0.0,-0.0027
2014-11-01,0.0256,-0.023,-0.0313,0.015700000000000002,0.0014000000000000002,0.0,0.0069
2014-12-01,-0.0005,0.028300000000000002,0.0212,-0.0121,0.009000000000000001,0.0,0.0105
2015-01-01,-0.030899999999999997,-0.009300000000000001,-0.0345,0.0158,-0.016399999999999998,0.0,0.037200000000000004
2015-02-01,0.061399999999999996,0.0036,-0.0179,-0.011000000000000001,-0.0175,0.0,-0.028900000000000002
2015-03-01,-0.0109,0.0308,-0.0038,0.0007000000000000001,-0.0062,0.0,0.027000000000000003
2015-04-01,0.006,-0.0301,0.018000000000000002,0.0005,-0.0062,0.0,-0.0726
2015-05-01,0.0138,0.008199999999999999,-0.0111,-0.0176,-0.0083,0.0,0.0576
2015-06-01,-0.0154,0.028999999999999998,-0.008199999999999999,0.0034999999999999996,-0.0154,0.0,0.03
2015-07-01,0.015700000000000002,-0.0458,-0.0416,0.0031,-0.024399999999999998,0.0,0.1
2015-08-01,-0.0602,0.0029,0.0275,0.0066,0.0129,0.0,-0.021400000000000002
2015-09-01,-0.030600000000000002,-0.027999999999999997,0.0055000000000000005,0.018000000000000002,-0.0059,0.0,0.0526
2015-10-01,0.0775,-0.0206,-0.004699999999999999,0.0095,0.0060999999999999995,0.0,-0.0329
2015-11-01,0.005699999999999999,0.033,-0.0043,-0.0265,-0.0106,0.0,0.023
2015-12-01,-0.0215,-0.029500000000000002,-0.025699999999999997,0.0034000000000000002,0.0012,0.0001,0.0333
2016-01-01,-0.0574,-0.0344,0.0208,0.0278,0.0305,0.0001,0.0149
2016-02-01,-0.0007000000000000001,0.0087,-0.0060999999999999995,0.0331,0.0194,0.0002,-0.0434
2016-03-01,0.0695,0.01,0.012199999999999999,0.0068000000000000005,0.0001,0.0002,-0.0504
2016-04-01,0.0091,0.0123,0.0322,-0.0285,0.0177,0.0001,-0.0599
2016-05-01,0.0178,-0.0062,-0.016200000000000003,-0.011000000000000001,-0.0254,0.0001,0.014499999999999999
2016-06-01,-0.0003,0.0042,-0.0149,0.014499999999999999,0.019,0.0002,0.0414
2016-07-01,0.0394,0.024700000000000003,-0.0124,0.0131,-0.0116,0.0002,-0.0339
2016-08-01,0.0049,0.0166,0.0317,-0.018500000000000003,-0.0036,0.0002,-0.0346
2016-09-01,0.0027,0.0181,-0.011899999999999999,-0.0218,0.0003,0.0002,0.0022
2016-10-01,-0.020099999999999996,-0.04019999999999999,0.041100000000000005,0.009899999999999999,0.0025,0.0002,0.0055000000000000005
2016-11-01,0.048499999999999995,0.0696,0.08289999999999999,-0.0024,0.0371,0.0001,-0.047
2016-12-01,0.0181,0.0044,0.0347,0.0124,-0.0032,0.0003,-0.0026
2017-01-01,0.0194,-0.0144,-0.0276,-0.0051,-0.0106,0.0004,-0.0092
2017-02-01,0.0355,-0.023,-0.015,0.0045000000000000005,-0.018000000000000002,0.0004,-0.015300000000000001
2017-03-01,0.0017000000000000001,0.0075,-0.0333,0.0063,-0.0095,0.0003,-0.0096
2017-04-01,0.0108,0.0040999999999999995,-0.020499999999999997,0.0179,-0.016,0.0005,0.005
2017-05-01,0.010700000000000001,-0.029900000000000003,-0.0382,0.009899999999999999,-0.0166,0.0006,0.015
2017-06-01,0.0078000000000000005,0.0252,0.015,-0.0226,0.0004,0.0006,-0.0011
2017-07-01,0.018799999999999997,-0.016399999999999998,-0.0023,-0.0075,-0.0015,0.0007000000000000001,0.016399999999999998
2017-08-01,0.0018,-0.0183,-0.0213,0.002,-0.023799999999999998,0.0009,0.0338
2017-09-01,0.024900000000000002,0.047599999999999996,0.0315,-0.0154,0.0163,0.0009,-0.0134
2017-10-01,0.0225,-0.0191,0.0013,0.0092,-0.031400000000000004,0.0009,0.0421
2017-11-01,0.031200000000000002,-0.0038,-0.0009,0.0319,-0.001,0.0008,-0.009399999999999999
2017-12-01,0.0106,-0.0105,0.0005,0.0073,0.0179,0.0009,-0.015700000000000002
2018-01-01,0.0558,-0.0321,-0.0132,-0.0075,-0.0105,0.0011,0.0406
2018-02-01,-0.0364,0.0034000000000000002,-0.011000000000000001,0.0053,-0.0236,0.0011,0.036000000000000004
2018-03-01,-0.0235,0.0361,-0.0021,-0.0040999999999999995,0.0008,0.0012,-0.012
2018-04-01,0.0029,0.0089,0.0053,-0.0242,0.0124,0.0014000000000000002,0.0045000000000000005
2018-05-01,0.0263,0.0471,-0.031400000000000004,-0.019799999999999998,-0.0149,0.0014000000000000002,0.0391
2018-06-01,0.0049,0.0077,-0.0233,0.0083,0.002,0.0014000000000000002,-0.022799999999999997
2018-07-01,0.032,-0.019299999999999998,0.0049,0.015300000000000001,0.0031,0.0016,-0.0143
2018-08-01,0.0346,0.006500000000000001,-0.0391,-0.0029,-0.025699999999999997,0.0016,0.053099999999999994
2018-09-01,0.0006,-0.024900000000000002,-0.016200000000000003,0.006500000000000001,0.013600000000000001,0.0015,-0.001
2018-10-01,-0.0764,-0.0438,0.0338,0.0103,0.036000000000000004,0.0019,-0.0206
2018-11-01,0.0171,-0.008100000000000001,0.0036,-0.0060999999999999995,0.004,0.0018,-0.014199999999999999
2018-12-01,-0.0955,-0.0281,-0.0192,-0.0003,0.0024,0.0019,0.0175
2019-01-01,0.0836,0.0291,-0.0039000000000000003,-0.0073,-0.0165,0.0021,-0.086
2019-02-01,0.0342,0.0172,-0.026600000000000002,0.0016,-0.0154,0.0018,0.0077
2019-03-01,0.011000000000000001,-0.0352,-0.0414,0.0088,-0.009000000000000001,0.0019,0.022400000000000003
2019-04-01,0.0397,-0.0115,0.0213,0.0161,-0.0218,0.0021,-0.0291
2019-05-01,-0.0692,-0.015600000000000001,-0.0245,-0.0048,0.0176,0.0021,0.0756
2019-06-01,0.0699,0.0019,-0.0064,0.0045000000000000005,-0.0055000000000000005,0.0018,-0.0226
2019-07-01,0.012199999999999999,-0.0182,0.005,-0.0013,0.0037,0.0019,0.029300000000000003
2019-08-01,-0.0255,-0.0325,-0.04769999999999999,0.0053,-0.0062,0.0016,0.0748
2019-09-01,0.014199999999999999,0.0029,0.0676,0.0182,0.0338,0.0018,-0.0674
2019-10-01,0.0207,0.0025,-0.0192,0.0043,-0.0103,0.0015,0.0013
2019-11-01,0.0387,0.0039000000000000003,-0.02,-0.016399999999999998,-0.011399999999999999,0.0012,-0.026099999999999998
2019-12-01,0.0276,0.009899999999999999,0.0173,0.0005,0.011899999999999999,0.0014000000000000002,-0.022400000000000003
2020-01-01,-0.0009,-0.0437,-0.0622,-0.011899999999999999,-0.0219,0.0013,0.0602
2020-02-01,-0.0815,0.0008,-0.0382,-0.0143,-0.0253,0.0012,-0.0024
2020-03-01,-0.1335,-0.0818,-0.1383,-0.0161,0.011899999999999999,0.0012,0.08199999999999999
2020-04-01,0.1358,0.025699999999999997,-0.0134,0.0276,-0.0102,0.0,-0.0558
2020-05-01,0.0559,0.0192,-0.05,0.0096,-0.0316,0.0001,0.0015
2020-06-01,0.024399999999999998,0.0195,-0.0217,0.0014000000000000002,0.0055000000000000005,0.0001,-0.0087
2020-07-01,0.0583,-0.0319,-0.0144,0.0038,0.0097,0.0001,0.07690000000000001
2020-08-01,0.0762,-0.0089,-0.0302,0.042699999999999995,-0.0151,0.0001,0.0043
2020-09-01,-0.0364,-0.0001,-0.027200000000000002,-0.0138,-0.019299999999999998,0.0001,0.0318
2020-10-01,-0.0208,0.0467,0.0425,-0.0077,-0.005699999999999999,0.0001,-0.031
2020-11-01,0.1244,0.0712,0.0209,-0.0225,0.0128,0.0001,-0.126
2020-12-01,0.0463,0.0493,-0.0168,-0.0197,-0.0006,0.0001,-0.0227
2021-01-01,-0.0007000000000000001,0.0681,0.0322,-0.0365,0.049699999999999994,0.0,0.043
2021-02-01,0.0281,0.045,0.07200000000000001,0.0033,-0.0199,0.0,-0.0799
2021-03-01,0.0316,-0.0084,0.0735,0.0635,0.0352,0.0,-0.061
2021-04-01,0.049699999999999994,-0.0316,-0.0102,0.024300000000000002,-0.027200000000000002,0.0,0.0123
2021-05-01,0.0029,0.0127,0.0704,0.023399999999999997,0.0301,0.0,0.005600000000000001
2021-06-01,0.0273,-0.003,-0.0786,-0.021400000000000002,-0.009300000000000001,0.0,0.0207
2021-07-01,0.0134,-0.0455,-0.0179,0.055,-0.0059,0.0,-0.0217
2021-08-01,0.029500000000000002,-0.0066,-0.0023,-0.0026,-0.0172,0.0,0.0263
2021-09-01,-0.044000000000000004,0.011200000000000002,0.0512,-0.0192,0.02,0.0,0.0143
2021-10-01,0.0663,-0.027000000000000003,-0.0053,0.0171,-0.0154,0.0,0.0332
2021-11-01,-0.0158,-0.017,-0.0037,0.0719,0.017,0.0,0.0097
2021-12-01,0.032400000000000005,-0.0078000000000000005,0.0325,0.048799999999999996,0.0429,0.0001,-0.024
2022-01-01,-0.061500000000000006,-0.0401,0.1286,0.0077,0.07730000000000001,0.0,-0.0241
2022-02-01,-0.022799999999999997,0.0286,0.030600000000000002,-0.0203,0.030299999999999997,0.0,0.0165
2022-03-01,0.0308,-0.021099999999999997,-0.019,-0.015,0.0321,0.0,0.0292
2022-04-01,-0.0941,-0.0034999999999999996,0.061799999999999994,0.0341,0.0592,0.0,0.0499
2022-05-01,-0.0033,-0.0003,0.08439999999999999,0.0155,0.0395,0.0003,0.0252
2022-06-01,-0.084,0.013300000000000001,-0.06,0.0176,-0.0458,0.0006,0.010700000000000001
2022-07-01,0.09570000000000001,0.0178,-0.0415,0.0077,-0.06849999999999999,0.0008,-0.0438
2022-08-01,-0.0377,0.0148,0.0018,-0.047400000000000005,0.0132,0.0019,0.0189
2022-09-01,-0.0934,-0.0098,0.0003,-0.013300000000000001,-0.0077,0.0019,0.0371
2022-10-01,0.0786,0.0181,0.0797,0.0327,0.0643,0.0023,0.0392
2022-11-01,0.046900000000000004,-0.0275,0.0148,0.0629,0.0315,0.0029,-0.0171
2022-12-01,-0.0638,-0.002,0.0134,0.0034000000000000002,0.042800000000000005,0.0033,0.049400000000000006
2023-01-01,0.066,0.044000000000000004,-0.0394,-0.024399999999999998,-0.0443,0.0034999999999999996,-0.16210000000000002
2023-02-01,-0.025699999999999997,0.005699999999999999,-0.008,0.009899999999999999,-0.0151,0.0034000000000000002,0.0054
2023-03-01,0.024900000000000002,-0.0689,-0.09050000000000001,0.0227,-0.021,0.0036,-0.023700000000000002
2023-04-01,0.0063,-0.025699999999999997,-0.0012,0.0241,0.0285,0.0034999999999999996,0.0175
2023-05-01,0.0033,-0.0043,-0.0779,-0.0178,-0.0708,0.0036,-0.009000000000000001
2023-06-01,0.0646,0.0128,-0.0013,0.0231,-0.0154,0.004,-0.027000000000000003
2023-07-01,0.0321,0.0286,0.0406,-0.0059,0.0066,0.0045000000000000005,-0.039599999999999996
2023-08-01,-0.0236,-0.0364,-0.0115,0.0333,-0.023700000000000002,0.0045000000000000005,0.0391
2023-09-01,-0.052300000000000006,-0.0177,0.015,0.018500000000000003,-0.0075,0.0043,0.0027
2023-10-01,-0.0315,-0.0403,0.002,0.0241,-0.0072,0.004699999999999999,0.0169
2023-11-01,0.0888,-0.0021,0.0167,-0.0373,-0.0108,0.0044,0.0253
2023-12-01,0.048499999999999995,0.0725,0.0489,-0.0294,0.0126,0.0043,-0.0548
2024-01-01,0.0073,-0.057,-0.023799999999999998,0.0064,-0.0095,0.004699999999999999,0.0545
2024-02-01,0.0507,-0.0084,-0.034300000000000004,-0.0203,-0.022099999999999998,0.0042,0.0501
2024-03-01,0.028399999999999998,-0.012,0.0416,0.0132,0.011399999999999999,0.0043,-0.0032
2024-04-01,-0.04650000000000001,-0.026000000000000002,-0.0045000000000000005,0.0115,-0.0034000000000000002,0.004699999999999999,-0.0045000000000000005
2024-05-01,0.0432,0.005699999999999999,-0.0131,0.0321,-0.028999999999999998,0.0044,0.014499999999999999
2024-06-01,0.027999999999999997,-0.0432,-0.0336,0.005600000000000001,-0.0179,0.0040999999999999995,0.0086
2024-07-01,0.012199999999999999,0.0833,0.0557,0.0026,0.0027,0.0045000000000000005,-0.0236
2024-08-01,0.0161,-0.035699999999999996,-0.0113,0.0075,0.0079,0.0048,0.0487
2024-09-01,0.0173,-0.0091,-0.0273,0.0019,-0.0025,0.004,-0.005600000000000001
2024-10-01,-0.01,-0.0086,0.0091,-0.0149,0.0102,0.0039000000000000003,0.0292
2024-11-01,0.0649,0.0463,0.0038,-0.0227,-0.019299999999999998,0.004,0.009399999999999999
2024-12-01,-0.0316,-0.0382,-0.0297,0.018799999999999997,-0.012,0.0037,-0.0034000000000000002
2025-01-01,0.027999999999999997,-0.0123,0.0176,-0.0235,-0.0322,0.0037,0.009899999999999999
2025-02-01,-0.024300000000000002,-0.048799999999999996,0.0484,0.010700000000000001,0.030899999999999997,0.0033,-0.0085
2025-03-01,-0.0639,-0.0147,0.0287,0.0209,-0.0046,0.0034000000000000002,-0.0259
2025-04-01,-0.0084,-0.0183,-0.0329,-0.028300000000000002,-0.0259,0.0034999999999999996,0.0501
2025-05-01,0.060599999999999994,-0.0077,-0.0281,0.0129,0.0248,0.0038,0.0216
2025-06-01,0.048600000000000004,-0.0008,-0.0143,-0.0319,0.0138,0.0034000000000000002,-0.0268
2025-07-01,0.019799999999999998,-0.0013,-0.0128,-0.0024,-0.0204,0.0034000000000000002,-0.009399999999999999
2025-08-01,0.0184,0.0481,0.0444,-0.0074,0.0199,0.0038,-0.0358
2025-09-01,0.0339,-0.022400000000000003,-0.009300000000000001,-0.0215,-0.022400000000000003,0.0033,0.0471
2025-10-01,0.0196,-0.016200000000000003,-0.0276,-0.057999999999999996,-0.0404,0.0037,0.0019
2025-11-01,-0.0013,0.016200000000000003,0.0362,0.0166,0.0062,0.003,-0.0171
2025-12-01,-0.0036,-0.0017000000000000001,0.0236,0.0038,0.0039000000000000003,0.0034000000000000002,-0.023399999999999997
2026-01-01,0.0103,0.0321,0.0382,0.018000000000000002,0.0181,0.003,0.0489
2026-02-01,-0.0118,0.0074,0.0271,0.0191,0.0504,0.0028000000000000004,0.0132
2026-03-01,-0.0518,0.0066,0.0341,-0.0208,-0.001,0.0029,0.015700000000000002
2026-04-01,0.09949999999999999,0.0038,-0.011699999999999999,-0.043,-0.0378,0.0029,0.09519999999999999
2026-05-01,0.049100000000000005,-0.0277,-0.0216,-0.0842,-0.013999999999999999,0.0031,0.0138
2026-06-01,-0.010700000000000001,0.0458,0.0334,-0.0464,0.0346,0.0029,0.047599999999999996
